insert into categoria(categoria_id,nome,descricao,status) values
(1,'Alimentos','Produtos alimenticios','Ativo'),
(2,'Bebidas','Bebidas em geral','Ativo'),
(3,'Limpeza','Produtos limpeza','Ativo'),
(4,'Higiene','Higiene pessoal','Ativo'),
(5,'Papelaria','Material escolar','Ativo'),
(6,'Eletronicos','Produtos eletronicos','Ativo'),
(7,'Ferramentas','Ferramentas manuais','Ativo'),
(8,'Pet','Produtos animais','Ativo'),
(9,'Frios','Produtos frios','Ativo'),
(10,'Diversos','Itens diversos','Ativo');

insert into cliente(cliente_id,nome,cpf_cnpj,telefone,email,endereco,cidade,estado,data_cadastro,limite_credito,status) values
(1,'Joao Silva 1','10000000001','3398800001','cliente1@email.com','Rua 1','Valadares','MG','2026-01-01',1000,'Ativo'),
(2,'Maria Souza 2','10000000002','3398800002','cliente2@email.com','Rua 2','Ipatinga','MG','2026-01-02',1500,'Ativo'),
(3,'Pedro Lima 3','10000000003','3398800003','cliente3@email.com','Rua 3','Caratinga','MG','2026-01-03',2000,'Ativo'),
(4,'Ana Costa 4','10000000004','3398800004','cliente4@email.com','Rua 4','Teofilo','MG','2026-01-04',2500,'Ativo'),
(5,'Carlos Moura 5','10000000005','3398800005','cliente5@email.com','Rua 5','Aimores','MG','2026-01-05',3000,'Ativo'),
(6,'Julia Dias 6','10000000006','3398800006','cliente6@email.com','Rua 6','Colatina','ES','2026-01-06',3500,'Ativo'),
(7,'Marcos Rocha 7','10000000007','3398800007','cliente7@email.com','Rua 7','BH','MG','2026-01-07',4000,'Ativo'),
(8,'Fernanda Gomes 8','10000000008','3398800008','cliente8@email.com','Rua 8','Vitoria','ES','2026-01-08',500,'Ativo'),
(9,'Lucas Alves 9','10000000009','3398800009','cliente9@email.com','Rua 9','Timoteo','MG','2026-01-09',1000,'Ativo'),
(10,'Paula Ramos 10','10000000010','3398800010','cliente10@email.com','Rua 10','Mantena','MG','2026-01-10',1500,'Ativo'),
(11,'Rafael Santos 11','10000000011','3398800011','cliente11@email.com','Rua 11','Valadares','MG','2026-01-11',2000,'Ativo'),
(12,'Camila Rocha 12','10000000012','3398800012','cliente12@email.com','Rua 12','Ipatinga','MG','2026-01-12',2500,'Ativo'),
(13,'Bruno Alves 13','10000000013','3398800013','cliente13@email.com','Rua 13','Caratinga','MG','2026-01-13',3000,'Inativo'),
(14,'Aline Martins 14','10000000014','3398800014','cliente14@email.com','Rua 14','Teofilo','MG','2026-01-14',3500,'Ativo'),
(15,'Gustavo Reis 15','10000000015','3398800015','cliente15@email.com','Rua 15','Aimores','MG','2026-01-15',4000,'Ativo'),
(16,'Larissa Castro 16','10000000016','3398800016','cliente16@email.com','Rua 16','Colatina','ES','2026-01-16',500,'Ativo'),
(17,'Diego Pereira 17','10000000017','3398800017','cliente17@email.com','Rua 17','BH','MG','2026-01-17',1000,'Ativo'),
(18,'Priscila Nunes 18','10000000018','3398800018','cliente18@email.com','Rua 18','Vitoria','ES','2026-01-18',1500,'Ativo'),
(19,'Thiago Duarte 19','10000000019','3398800019','cliente19@email.com','Rua 19','Timoteo','MG','2026-01-19',2000,'Ativo'),
(20,'Renata Vieira 20','10000000020','3398800020','cliente20@email.com','Rua 20','Mantena','MG','2026-01-20',2500,'Ativo'),
(21,'Joao Silva 21','10000000021','3398800021','cliente21@email.com','Rua 21','Valadares','MG','2026-01-21',3000,'Ativo'),
(22,'Maria Souza 22','10000000022','3398800022','cliente22@email.com','Rua 22','Ipatinga','MG','2026-01-22',3500,'Ativo'),
(23,'Pedro Lima 23','10000000023','3398800023','cliente23@email.com','Rua 23','Caratinga','MG','2026-01-23',4000,'Ativo'),
(24,'Ana Costa 24','10000000024','3398800024','cliente24@email.com','Rua 24','Teofilo','MG','2026-01-24',500,'Ativo'),
(25,'Carlos Moura 25','10000000025','3398800025','cliente25@email.com','Rua 25','Aimores','MG','2026-01-25',1000,'Ativo'),
(26,'Julia Dias 26','10000000026','3398800026','cliente26@email.com','Rua 26','Colatina','ES','2026-01-26',1500,'Inativo'),
(27,'Marcos Rocha 27','10000000027','3398800027','cliente27@email.com','Rua 27','BH','MG','2026-01-27',2000,'Ativo'),
(28,'Fernanda Gomes 28','10000000028','3398800028','cliente28@email.com','Rua 28','Vitoria','ES','2026-01-28',2500,'Ativo'),
(29,'Lucas Alves 29','10000000029','3398800029','cliente29@email.com','Rua 29','Timoteo','MG','2026-01-01',3000,'Ativo'),
(30,'Paula Ramos 30','10000000030','3398800030','cliente30@email.com','Rua 30','Mantena','MG','2026-01-02',3500,'Ativo'),
(31,'Rafael Santos 31','10000000031','3398800031','cliente31@email.com','Rua 31','Valadares','MG','2026-01-03',4000,'Ativo'),
(32,'Camila Rocha 32','10000000032','3398800032','cliente32@email.com','Rua 32','Ipatinga','MG','2026-01-04',500,'Ativo'),
(33,'Bruno Alves 33','10000000033','3398800033','cliente33@email.com','Rua 33','Caratinga','MG','2026-01-05',1000,'Ativo'),
(34,'Aline Martins 34','10000000034','3398800034','cliente34@email.com','Rua 34','Teofilo','MG','2026-01-06',1500,'Ativo'),
(35,'Gustavo Reis 35','10000000035','3398800035','cliente35@email.com','Rua 35','Aimores','MG','2026-01-07',2000,'Ativo'),
(36,'Larissa Castro 36','10000000036','3398800036','cliente36@email.com','Rua 36','Colatina','ES','2026-01-08',2500,'Ativo'),
(37,'Diego Pereira 37','10000000037','3398800037','cliente37@email.com','Rua 37','BH','MG','2026-01-09',3000,'Ativo'),
(38,'Priscila Nunes 38','10000000038','3398800038','cliente38@email.com','Rua 38','Vitoria','ES','2026-01-10',3500,'Ativo'),
(39,'Thiago Duarte 39','10000000039','3398800039','cliente39@email.com','Rua 39','Timoteo','MG','2026-01-11',4000,'Inativo'),
(40,'Renata Vieira 40','10000000040','3398800040','cliente40@email.com','Rua 40','Mantena','MG','2026-01-12',500,'Ativo'),
(41,'Joao Silva 41','10000000041','3398800041','cliente41@email.com','Rua 41','Valadares','MG','2026-01-13',1000,'Ativo'),
(42,'Maria Souza 42','10000000042','3398800042','cliente42@email.com','Rua 42','Ipatinga','MG','2026-01-14',1500,'Ativo'),
(43,'Pedro Lima 43','10000000043','3398800043','cliente43@email.com','Rua 43','Caratinga','MG','2026-01-15',2000,'Ativo'),
(44,'Ana Costa 44','10000000044','3398800044','cliente44@email.com','Rua 44','Teofilo','MG','2026-01-16',2500,'Ativo'),
(45,'Carlos Moura 45','10000000045','3398800045','cliente45@email.com','Rua 45','Aimores','MG','2026-01-17',3000,'Ativo'),
(46,'Julia Dias 46','10000000046','3398800046','cliente46@email.com','Rua 46','Colatina','ES','2026-01-18',3500,'Ativo'),
(47,'Marcos Rocha 47','10000000047','3398800047','cliente47@email.com','Rua 47','BH','MG','2026-01-19',4000,'Ativo'),
(48,'Fernanda Gomes 48','10000000048','3398800048','cliente48@email.com','Rua 48','Vitoria','ES','2026-01-20',500,'Ativo'),
(49,'Lucas Alves 49','10000000049','3398800049','cliente49@email.com','Rua 49','Timoteo','MG','2026-01-21',1000,'Ativo'),
(50,'Paula Ramos 50','10000000050','3398800050','cliente50@email.com','Rua 50','Mantena','MG','2026-01-22',1500,'Ativo'),
(51,'Rafael Santos 51','10000000051','3398800051','cliente51@email.com','Rua 51','Valadares','MG','2026-01-23',2000,'Ativo'),
(52,'Camila Rocha 52','10000000052','3398800052','cliente52@email.com','Rua 52','Ipatinga','MG','2026-01-24',2500,'Inativo'),
(53,'Bruno Alves 53','10000000053','3398800053','cliente53@email.com','Rua 53','Caratinga','MG','2026-01-25',3000,'Ativo'),
(54,'Aline Martins 54','10000000054','3398800054','cliente54@email.com','Rua 54','Teofilo','MG','2026-01-26',3500,'Ativo'),
(55,'Gustavo Reis 55','10000000055','3398800055','cliente55@email.com','Rua 55','Aimores','MG','2026-01-27',4000,'Ativo'),
(56,'Larissa Castro 56','10000000056','3398800056','cliente56@email.com','Rua 56','Colatina','ES','2026-01-28',500,'Ativo'),
(57,'Diego Pereira 57','10000000057','3398800057','cliente57@email.com','Rua 57','BH','MG','2026-01-01',1000,'Ativo'),
(58,'Priscila Nunes 58','10000000058','3398800058','cliente58@email.com','Rua 58','Vitoria','ES','2026-01-02',1500,'Ativo'),
(59,'Thiago Duarte 59','10000000059','3398800059','cliente59@email.com','Rua 59','Timoteo','MG','2026-01-03',2000,'Ativo'),
(60,'Renata Vieira 60','10000000060','3398800060','cliente60@email.com','Rua 60','Mantena','MG','2026-01-04',2500,'Ativo'),
(61,'Joao Silva 61','10000000061','3398800061','cliente61@email.com','Rua 61','Valadares','MG','2026-01-05',3000,'Ativo'),
(62,'Maria Souza 62','10000000062','3398800062','cliente62@email.com','Rua 62','Ipatinga','MG','2026-01-06',3500,'Ativo'),
(63,'Pedro Lima 63','10000000063','3398800063','cliente63@email.com','Rua 63','Caratinga','MG','2026-01-07',4000,'Ativo'),
(64,'Ana Costa 64','10000000064','3398800064','cliente64@email.com','Rua 64','Teofilo','MG','2026-01-08',500,'Ativo'),
(65,'Carlos Moura 65','10000000065','3398800065','cliente65@email.com','Rua 65','Aimores','MG','2026-01-09',1000,'Inativo'),
(66,'Julia Dias 66','10000000066','3398800066','cliente66@email.com','Rua 66','Colatina','ES','2026-01-10',1500,'Ativo'),
(67,'Marcos Rocha 67','10000000067','3398800067','cliente67@email.com','Rua 67','BH','MG','2026-01-11',2000,'Ativo'),
(68,'Fernanda Gomes 68','10000000068','3398800068','cliente68@email.com','Rua 68','Vitoria','ES','2026-01-12',2500,'Ativo'),
(69,'Lucas Alves 69','10000000069','3398800069','cliente69@email.com','Rua 69','Timoteo','MG','2026-01-13',3000,'Ativo'),
(70,'Paula Ramos 70','10000000070','3398800070','cliente70@email.com','Rua 70','Mantena','MG','2026-01-14',3500,'Ativo'),
(71,'Rafael Santos 71','10000000071','3398800071','cliente71@email.com','Rua 71','Valadares','MG','2026-01-15',4000,'Ativo'),
(72,'Camila Rocha 72','10000000072','3398800072','cliente72@email.com','Rua 72','Ipatinga','MG','2026-01-16',500,'Ativo'),
(73,'Bruno Alves 73','10000000073','3398800073','cliente73@email.com','Rua 73','Caratinga','MG','2026-01-17',1000,'Ativo'),
(74,'Aline Martins 74','10000000074','3398800074','cliente74@email.com','Rua 74','Teofilo','MG','2026-01-18',1500,'Ativo'),
(75,'Gustavo Reis 75','10000000075','3398800075','cliente75@email.com','Rua 75','Aimores','MG','2026-01-19',2000,'Ativo'),
(76,'Larissa Castro 76','10000000076','3398800076','cliente76@email.com','Rua 76','Colatina','ES','2026-01-20',2500,'Ativo'),
(77,'Diego Pereira 77','10000000077','3398800077','cliente77@email.com','Rua 77','BH','MG','2026-01-21',3000,'Ativo'),
(78,'Priscila Nunes 78','10000000078','3398800078','cliente78@email.com','Rua 78','Vitoria','ES','2026-01-22',3500,'Inativo'),
(79,'Thiago Duarte 79','10000000079','3398800079','cliente79@email.com','Rua 79','Timoteo','MG','2026-01-23',4000,'Ativo'),
(80,'Renata Vieira 80','10000000080','3398800080','cliente80@email.com','Rua 80','Mantena','MG','2026-01-24',500,'Ativo'),
(81,'Joao Silva 81','10000000081','3398800081','cliente81@email.com','Rua 81','Valadares','MG','2026-01-25',1000,'Ativo'),
(82,'Maria Souza 82','10000000082','3398800082','cliente82@email.com','Rua 82','Ipatinga','MG','2026-01-26',1500,'Ativo'),
(83,'Pedro Lima 83','10000000083','3398800083','cliente83@email.com','Rua 83','Caratinga','MG','2026-01-27',2000,'Ativo'),
(84,'Ana Costa 84','10000000084','3398800084','cliente84@email.com','Rua 84','Teofilo','MG','2026-01-28',2500,'Ativo'),
(85,'Carlos Moura 85','10000000085','3398800085','cliente85@email.com','Rua 85','Aimores','MG','2026-01-01',3000,'Ativo'),
(86,'Julia Dias 86','10000000086','3398800086','cliente86@email.com','Rua 86','Colatina','ES','2026-01-02',3500,'Ativo'),
(87,'Marcos Rocha 87','10000000087','3398800087','cliente87@email.com','Rua 87','BH','MG','2026-01-03',4000,'Ativo'),
(88,'Fernanda Gomes 88','10000000088','3398800088','cliente88@email.com','Rua 88','Vitoria','ES','2026-01-04',500,'Ativo'),
(89,'Lucas Alves 89','10000000089','3398800089','cliente89@email.com','Rua 89','Timoteo','MG','2026-01-05',1000,'Ativo'),
(90,'Paula Ramos 90','10000000090','3398800090','cliente90@email.com','Rua 90','Mantena','MG','2026-01-06',1500,'Ativo'),
(91,'Rafael Santos 91','10000000091','3398800091','cliente91@email.com','Rua 91','Valadares','MG','2026-01-07',2000,'Inativo'),
(92,'Camila Rocha 92','10000000092','3398800092','cliente92@email.com','Rua 92','Ipatinga','MG','2026-01-08',2500,'Ativo'),
(93,'Bruno Alves 93','10000000093','3398800093','cliente93@email.com','Rua 93','Caratinga','MG','2026-01-09',3000,'Ativo'),
(94,'Aline Martins 94','10000000094','3398800094','cliente94@email.com','Rua 94','Teofilo','MG','2026-01-10',3500,'Ativo'),
(95,'Gustavo Reis 95','10000000095','3398800095','cliente95@email.com','Rua 95','Aimores','MG','2026-01-11',4000,'Ativo'),
(96,'Larissa Castro 96','10000000096','3398800096','cliente96@email.com','Rua 96','Colatina','ES','2026-01-12',500,'Ativo'),
(97,'Diego Pereira 97','10000000097','3398800097','cliente97@email.com','Rua 97','BH','MG','2026-01-13',1000,'Ativo'),
(98,'Priscila Nunes 98','10000000098','3398800098','cliente98@email.com','Rua 98','Vitoria','ES','2026-01-14',1500,'Ativo'),
(99,'Thiago Duarte 99','10000000099','3398800099','cliente99@email.com','Rua 99','Timoteo','MG','2026-01-15',2000,'Ativo'),
(100,'Renata Vieira 100','10000000100','3398800100','cliente100@email.com','Rua 100','Mantena','MG','2026-01-16',2500,'Ativo');

insert into fornecedor(fornecedor_id,nome,cpf_cnpj,telefone,email,endereco,cidade,estado,data_cadastro,status) values
(1,'Fornecedor 1','20000000000001','33330001','forn1@mail.com','Av 1','Teofilo','MG','2026-01-01','Ativo'),
(2,'Fornecedor 2','20000000000002','33330002','forn2@mail.com','Av 2','Aimores','MG','2026-01-02','Ativo'),
(3,'Fornecedor 3','20000000000003','33330003','forn3@mail.com','Av 3','Colatina','ES','2026-01-03','Ativo'),
(4,'Fornecedor 4','20000000000004','33330004','forn4@mail.com','Av 4','BH','MG','2026-01-04','Ativo'),
(5,'Fornecedor 5','20000000000005','33330005','forn5@mail.com','Av 5','Vitoria','ES','2026-01-05','Ativo'),
(6,'Fornecedor 6','20000000000006','33330006','forn6@mail.com','Av 6','Timoteo','MG','2026-01-06','Ativo'),
(7,'Fornecedor 7','20000000000007','33330007','forn7@mail.com','Av 7','Mantena','MG','2026-01-07','Ativo'),
(8,'Fornecedor 8','20000000000008','33330008','forn8@mail.com','Av 8','Valadares','MG','2026-01-08','Ativo'),
(9,'Fornecedor 9','20000000000009','33330009','forn9@mail.com','Av 9','Ipatinga','MG','2026-01-09','Ativo'),
(10,'Fornecedor 10','20000000000010','33330010','forn10@mail.com','Av 10','Caratinga','MG','2026-01-10','Inativo'),
(11,'Fornecedor 11','20000000000011','33330011','forn11@mail.com','Av 11','Teofilo','MG','2026-01-11','Ativo'),
(12,'Fornecedor 12','20000000000012','33330012','forn12@mail.com','Av 12','Aimores','MG','2026-01-12','Ativo'),
(13,'Fornecedor 13','20000000000013','33330013','forn13@mail.com','Av 13','Colatina','ES','2026-01-13','Ativo'),
(14,'Fornecedor 14','20000000000014','33330014','forn14@mail.com','Av 14','BH','MG','2026-01-14','Ativo'),
(15,'Fornecedor 15','20000000000015','33330015','forn15@mail.com','Av 15','Vitoria','ES','2026-01-15','Ativo'),
(16,'Fornecedor 16','20000000000016','33330016','forn16@mail.com','Av 16','Timoteo','MG','2026-01-16','Ativo'),
(17,'Fornecedor 17','20000000000017','33330017','forn17@mail.com','Av 17','Mantena','MG','2026-01-17','Ativo'),
(18,'Fornecedor 18','20000000000018','33330018','forn18@mail.com','Av 18','Valadares','MG','2026-01-18','Ativo'),
(19,'Fornecedor 19','20000000000019','33330019','forn19@mail.com','Av 19','Ipatinga','MG','2026-01-19','Ativo'),
(20,'Fornecedor 20','20000000000020','33330020','forn20@mail.com','Av 20','Caratinga','MG','2026-01-20','Ativo'),
(21,'Fornecedor 21','20000000000021','33330021','forn21@mail.com','Av 21','Teofilo','MG','2026-01-21','Ativo'),
(22,'Fornecedor 22','20000000000022','33330022','forn22@mail.com','Av 22','Aimores','MG','2026-01-22','Ativo'),
(23,'Fornecedor 23','20000000000023','33330023','forn23@mail.com','Av 23','Colatina','ES','2026-01-23','Inativo'),
(24,'Fornecedor 24','20000000000024','33330024','forn24@mail.com','Av 24','BH','MG','2026-01-24','Ativo'),
(25,'Fornecedor 25','20000000000025','33330025','forn25@mail.com','Av 25','Vitoria','ES','2026-01-25','Ativo'),
(26,'Fornecedor 26','20000000000026','33330026','forn26@mail.com','Av 26','Timoteo','MG','2026-01-26','Ativo'),
(27,'Fornecedor 27','20000000000027','33330027','forn27@mail.com','Av 27','Mantena','MG','2026-01-27','Ativo'),
(28,'Fornecedor 28','20000000000028','33330028','forn28@mail.com','Av 28','Valadares','MG','2026-01-28','Ativo'),
(29,'Fornecedor 29','20000000000029','33330029','forn29@mail.com','Av 29','Ipatinga','MG','2026-01-01','Ativo'),
(30,'Fornecedor 30','20000000000030','33330030','forn30@mail.com','Av 30','Caratinga','MG','2026-01-02','Ativo');

insert into funcionario(funcionario_id,nome,cpf_cnpj,cargo,data_contratacao,salario,telefone,email,status) values
(1,'Joao Lima','30000000001','Vendedor','2025-01-10',2200,'3397710000','func1@email.com','Ativo'),
(2,'Maria Alves','30000000002','Comprador','2025-02-10',2600,'3397720000','func2@email.com','Ativo'),
(3,'Paulo Nunes','30000000003','Gerente','2025-03-10',4200,'3397730000','func3@email.com','Ativo'),
(4,'Ana Castro','30000000004','Estoque','2025-04-10',2300,'3397740000','func4@email.com','Ativo'),
(5,'Carlos Reis','30000000005','Producao','2025-05-10',2500,'3397750000','func5@email.com','Ativo');

insert into transportadora(transportadora_id,nome,cnpj,telefone,email,status) values
(1,'TransVale','11111111000101','33334444','trans@email.com','Ativo'),
(2,'Rapida Minas','22222222000102','33335555','rapida@email.com','Ativo');

insert into produto(produto_id,codigo,descricao,preco_venda,preco_custo,estoque_atual,estoque_minimo,categoria_id,unidade_medida,data_cadastro,status) values
(1,'P001','Arroz 5kg 1',10.60,6.57,27.00,8.00,1,'UN','2026-02-01','Ativo'),
(2,'P002','Feijao 1kg 2',17.70,10.97,44.00,13.00,2,'UN','2026-02-02','Ativo'),
(3,'P003','Cafe 500g 3',24.80,15.38,61.00,18.00,3,'UN','2026-02-03','Ativo'),
(4,'P004','Acucar 2kg 4',31.90,19.78,78.00,23.00,4,'UN','2026-02-04','Ativo'),
(5,'P005','Leite 1L 5',39.00,24.18,95.00,28.00,5,'UN','2026-02-05','Ativo'),
(6,'P006','Refrigerante 2L 6',46.10,28.58,112.00,33.00,6,'UN','2026-02-06','Ativo'),
(7,'P007','Suco 1L 7',53.20,32.98,129.00,8.00,7,'UN','2026-02-07','Ativo'),
(8,'P008','Agua 500ml 8',60.30,37.39,146.00,13.00,8,'UN','2026-02-08','Inativo'),
(9,'P009','Detergente 9',67.40,41.79,163.00,18.00,9,'UN','2026-02-09','Ativo'),
(10,'P010','Sabao em po 10',73.50,45.57,180.00,23.00,10,'UN','2026-02-10','Ativo'),
(11,'P011','Shampoo 11',80.60,49.97,197.00,28.00,1,'UN','2026-02-11','Ativo'),
(12,'P012','Sabonete 12',87.70,54.37,214.00,33.00,2,'UN','2026-02-12','Ativo'),
(13,'P013','Caderno 13',94.80,58.78,231.00,8.00,3,'UN','2026-02-13','Ativo'),
(14,'P014','Caneta 14',11.90,7.38,248.00,13.00,4,'UN','2026-02-14','Ativo'),
(15,'P015','Lapis 15',19.00,11.78,25.00,18.00,5,'UN','2026-02-15','Ativo'),
(16,'P016','Mouse 16',26.10,16.18,42.00,23.00,6,'UN','2026-02-16','Ativo'),
(17,'P017','Teclado 17',33.20,20.58,59.00,28.00,7,'UN','2026-02-17','Ativo'),
(18,'P018','Cabo USB 18',40.30,24.99,76.00,33.00,8,'UN','2026-02-18','Ativo'),
(19,'P019','Martelo 19',47.40,29.39,93.00,8.00,9,'UN','2026-02-19','Ativo'),
(20,'P020','Alicate 20',53.50,33.17,110.00,13.00,10,'UN','2026-02-20','Ativo'),
(21,'P021','Racao cao 21',60.60,37.57,127.00,18.00,1,'UN','2026-02-21','Inativo'),
(22,'P022','Racao gato 22',67.70,41.97,144.00,23.00,2,'UN','2026-02-22','Ativo'),
(23,'P023','Queijo 23',74.80,46.38,161.00,28.00,3,'UN','2026-02-23','Ativo'),
(24,'P024','Presunto 24',81.90,50.78,178.00,33.00,4,'UN','2026-02-24','Ativo'),
(25,'P025','Manteiga 25',89.00,55.18,195.00,8.00,5,'UN','2026-02-25','Ativo'),
(26,'P026','Pilha 26',96.10,59.58,212.00,13.00,6,'UN','2026-02-26','Ativo'),
(27,'P027','Vela 27',13.20,8.18,229.00,18.00,7,'UN','2026-02-27','Ativo'),
(28,'P028','Guardanapo 28',20.30,12.59,246.00,23.00,8,'UN','2026-02-28','Ativo'),
(29,'P029','Sacola 29',27.40,16.99,23.00,28.00,9,'UN','2026-02-01','Ativo'),
(30,'P030','Caixa 30',33.50,20.77,40.00,33.00,10,'UN','2026-02-02','Ativo'),
(31,'P031','Arroz 5kg 31',40.60,25.17,57.00,8.00,1,'UN','2026-02-03','Ativo'),
(32,'P032','Feijao 1kg 32',47.70,29.57,74.00,13.00,2,'UN','2026-02-04','Ativo'),
(33,'P033','Cafe 500g 33',54.80,33.98,91.00,18.00,3,'UN','2026-02-05','Ativo'),
(34,'P034','Acucar 2kg 34',61.90,38.38,108.00,23.00,4,'UN','2026-02-06','Inativo'),
(35,'P035','Leite 1L 35',69.00,42.78,125.00,28.00,5,'UN','2026-02-07','Ativo'),
(36,'P036','Refrigerante 2L 36',76.10,47.18,142.00,33.00,6,'UN','2026-02-08','Ativo'),
(37,'P037','Suco 1L 37',83.20,51.58,159.00,8.00,7,'UN','2026-02-09','Ativo'),
(38,'P038','Agua 500ml 38',90.30,55.99,176.00,13.00,8,'UN','2026-02-10','Ativo'),
(39,'P039','Detergente 39',97.40,60.39,193.00,18.00,9,'UN','2026-02-11','Ativo'),
(40,'P040','Sabao em po 40',13.50,8.37,210.00,23.00,10,'UN','2026-02-12','Ativo'),
(41,'P041','Shampoo 41',20.60,12.77,227.00,28.00,1,'UN','2026-02-13','Ativo'),
(42,'P042','Sabonete 42',27.70,17.17,244.00,33.00,2,'UN','2026-02-14','Ativo'),
(43,'P043','Caderno 43',34.80,21.58,21.00,8.00,3,'UN','2026-02-15','Ativo'),
(44,'P044','Caneta 44',41.90,25.98,38.00,13.00,4,'UN','2026-02-16','Ativo'),
(45,'P045','Lapis 45',49.00,30.38,55.00,18.00,5,'UN','2026-02-17','Ativo'),
(46,'P046','Mouse 46',56.10,34.78,72.00,23.00,6,'UN','2026-02-18','Ativo'),
(47,'P047','Teclado 47',63.20,39.18,89.00,28.00,7,'UN','2026-02-19','Inativo'),
(48,'P048','Cabo USB 48',70.30,43.59,106.00,33.00,8,'UN','2026-02-20','Ativo'),
(49,'P049','Martelo 49',77.40,47.99,123.00,8.00,9,'UN','2026-02-21','Ativo'),
(50,'P050','Alicate 50',83.50,51.77,140.00,13.00,10,'UN','2026-02-22','Ativo'),
(51,'P051','Racao cao 51',90.60,56.17,157.00,18.00,1,'UN','2026-02-23','Ativo'),
(52,'P052','Racao gato 52',97.70,60.57,174.00,23.00,2,'UN','2026-02-24','Ativo'),
(53,'P053','Queijo 53',14.80,9.18,191.00,28.00,3,'UN','2026-02-25','Ativo'),
(54,'P054','Presunto 54',21.90,13.58,208.00,33.00,4,'UN','2026-02-26','Ativo'),
(55,'P055','Manteiga 55',29.00,17.98,225.00,8.00,5,'UN','2026-02-27','Ativo'),
(56,'P056','Pilha 56',36.10,22.38,242.00,13.00,6,'UN','2026-02-28','Ativo'),
(57,'P057','Vela 57',43.20,26.78,19.00,18.00,7,'UN','2026-02-01','Ativo'),
(58,'P058','Guardanapo 58',50.30,31.19,36.00,23.00,8,'UN','2026-02-02','Ativo'),
(59,'P059','Sacola 59',57.40,35.59,53.00,28.00,9,'UN','2026-02-03','Ativo'),
(60,'P060','Caixa 60',63.50,39.37,70.00,33.00,10,'UN','2026-02-04','Inativo'),
(61,'P061','Arroz 5kg 61',70.60,43.77,87.00,8.00,1,'UN','2026-02-05','Ativo'),
(62,'P062','Feijao 1kg 62',77.70,48.17,104.00,13.00,2,'UN','2026-02-06','Ativo'),
(63,'P063','Cafe 500g 63',84.80,52.58,121.00,18.00,3,'UN','2026-02-07','Ativo'),
(64,'P064','Acucar 2kg 64',91.90,56.98,138.00,23.00,4,'UN','2026-02-08','Ativo'),
(65,'P065','Leite 1L 65',99.00,61.38,155.00,28.00,5,'UN','2026-02-09','Ativo'),
(66,'P066','Refrigerante 2L 66',16.10,9.98,172.00,33.00,6,'UN','2026-02-10','Ativo'),
(67,'P067','Suco 1L 67',23.20,14.38,189.00,8.00,7,'UN','2026-02-11','Ativo'),
(68,'P068','Agua 500ml 68',30.30,18.79,206.00,13.00,8,'UN','2026-02-12','Ativo'),
(69,'P069','Detergente 69',37.40,23.19,223.00,18.00,9,'UN','2026-02-13','Ativo'),
(70,'P070','Sabao em po 70',43.50,26.97,240.00,23.00,10,'UN','2026-02-14','Ativo'),
(71,'P071','Shampoo 71',50.60,31.37,17.00,28.00,1,'UN','2026-02-15','Ativo'),
(72,'P072','Sabonete 72',57.70,35.77,34.00,33.00,2,'UN','2026-02-16','Ativo'),
(73,'P073','Caderno 73',64.80,40.18,51.00,8.00,3,'UN','2026-02-17','Inativo'),
(74,'P074','Caneta 74',71.90,44.58,68.00,13.00,4,'UN','2026-02-18','Ativo'),
(75,'P075','Lapis 75',79.00,48.98,85.00,18.00,5,'UN','2026-02-19','Ativo'),
(76,'P076','Mouse 76',86.10,53.38,102.00,23.00,6,'UN','2026-02-20','Ativo'),
(77,'P077','Teclado 77',93.20,57.78,119.00,28.00,7,'UN','2026-02-21','Ativo'),
(78,'P078','Cabo USB 78',100.30,62.19,136.00,33.00,8,'UN','2026-02-22','Ativo'),
(79,'P079','Martelo 79',17.40,10.79,153.00,8.00,9,'UN','2026-02-23','Ativo'),
(80,'P080','Alicate 80',23.50,14.57,170.00,13.00,10,'UN','2026-02-24','Ativo'),
(81,'P081','Racao cao 81',30.60,18.97,187.00,18.00,1,'UN','2026-02-25','Ativo'),
(82,'P082','Racao gato 82',37.70,23.37,204.00,23.00,2,'UN','2026-02-26','Ativo'),
(83,'P083','Queijo 83',44.80,27.78,221.00,28.00,3,'UN','2026-02-27','Ativo'),
(84,'P084','Presunto 84',51.90,32.18,238.00,33.00,4,'UN','2026-02-28','Ativo'),
(85,'P085','Manteiga 85',59.00,36.58,15.00,8.00,5,'UN','2026-02-01','Ativo'),
(86,'P086','Pilha 86',66.10,40.98,32.00,13.00,6,'UN','2026-02-02','Inativo'),
(87,'P087','Vela 87',73.20,45.38,49.00,18.00,7,'UN','2026-02-03','Ativo'),
(88,'P088','Guardanapo 88',80.30,49.79,66.00,23.00,8,'UN','2026-02-04','Ativo'),
(89,'P089','Sacola 89',87.40,54.19,83.00,28.00,9,'UN','2026-02-05','Ativo'),
(90,'P090','Caixa 90',93.50,57.97,100.00,33.00,10,'UN','2026-02-06','Ativo'),
(91,'P091','Arroz 5kg 91',10.60,6.57,117.00,8.00,1,'UN','2026-02-07','Ativo'),
(92,'P092','Feijao 1kg 92',17.70,10.97,134.00,13.00,2,'UN','2026-02-08','Ativo'),
(93,'P093','Cafe 500g 93',24.80,15.38,151.00,18.00,3,'UN','2026-02-09','Ativo'),
(94,'P094','Acucar 2kg 94',31.90,19.78,168.00,23.00,4,'UN','2026-02-10','Ativo'),
(95,'P095','Leite 1L 95',39.00,24.18,185.00,28.00,5,'UN','2026-02-11','Ativo'),
(96,'P096','Refrigerante 2L 96',46.10,28.58,202.00,33.00,6,'UN','2026-02-12','Ativo'),
(97,'P097','Suco 1L 97',53.20,32.98,219.00,8.00,7,'UN','2026-02-13','Ativo'),
(98,'P098','Agua 500ml 98',60.30,37.39,236.00,13.00,8,'UN','2026-02-14','Ativo'),
(99,'P099','Detergente 99',67.40,41.79,13.00,18.00,9,'UN','2026-02-15','Inativo'),
(100,'P100','Sabao em po 100',73.50,45.57,30.00,23.00,10,'UN','2026-02-16','Ativo'),
(101,'P101','Shampoo 101',80.60,49.97,47.00,28.00,1,'UN','2026-02-17','Ativo'),
(102,'P102','Sabonete 102',87.70,54.37,64.00,33.00,2,'UN','2026-02-18','Ativo'),
(103,'P103','Caderno 103',94.80,58.78,81.00,8.00,3,'UN','2026-02-19','Ativo'),
(104,'P104','Caneta 104',11.90,7.38,98.00,13.00,4,'UN','2026-02-20','Ativo'),
(105,'P105','Lapis 105',19.00,11.78,115.00,18.00,5,'UN','2026-02-21','Ativo'),
(106,'P106','Mouse 106',26.10,16.18,132.00,23.00,6,'UN','2026-02-22','Ativo'),
(107,'P107','Teclado 107',33.20,20.58,149.00,28.00,7,'UN','2026-02-23','Ativo'),
(108,'P108','Cabo USB 108',40.30,24.99,166.00,33.00,8,'UN','2026-02-24','Ativo'),
(109,'P109','Martelo 109',47.40,29.39,183.00,8.00,9,'UN','2026-02-25','Ativo'),
(110,'P110','Alicate 110',53.50,33.17,200.00,13.00,10,'UN','2026-02-26','Ativo'),
(111,'P111','Racao cao 111',60.60,37.57,217.00,18.00,1,'UN','2026-02-27','Ativo'),
(112,'P112','Racao gato 112',67.70,41.97,234.00,23.00,2,'UN','2026-02-28','Inativo'),
(113,'P113','Queijo 113',74.80,46.38,11.00,28.00,3,'UN','2026-02-01','Ativo'),
(114,'P114','Presunto 114',81.90,50.78,28.00,33.00,4,'UN','2026-02-02','Ativo'),
(115,'P115','Manteiga 115',89.00,55.18,45.00,8.00,5,'UN','2026-02-03','Ativo'),
(116,'P116','Pilha 116',96.10,59.58,62.00,13.00,6,'UN','2026-02-04','Ativo'),
(117,'P117','Vela 117',13.20,8.18,79.00,18.00,7,'UN','2026-02-05','Ativo'),
(118,'P118','Guardanapo 118',20.30,12.59,96.00,23.00,8,'UN','2026-02-06','Ativo'),
(119,'P119','Sacola 119',27.40,16.99,113.00,28.00,9,'UN','2026-02-07','Ativo'),
(120,'P120','Caixa 120',33.50,20.77,130.00,33.00,10,'UN','2026-02-08','Ativo'),
(121,'P121','Arroz 5kg 121',40.60,25.17,147.00,8.00,1,'UN','2026-02-09','Ativo'),
(122,'P122','Feijao 1kg 122',47.70,29.57,164.00,13.00,2,'UN','2026-02-10','Ativo'),
(123,'P123','Cafe 500g 123',54.80,33.98,181.00,18.00,3,'UN','2026-02-11','Ativo'),
(124,'P124','Acucar 2kg 124',61.90,38.38,198.00,23.00,4,'UN','2026-02-12','Ativo'),
(125,'P125','Leite 1L 125',69.00,42.78,215.00,28.00,5,'UN','2026-02-13','Inativo'),
(126,'P126','Refrigerante 2L 126',76.10,47.18,232.00,33.00,6,'UN','2026-02-14','Ativo'),
(127,'P127','Suco 1L 127',83.20,51.58,249.00,8.00,7,'UN','2026-02-15','Ativo'),
(128,'P128','Agua 500ml 128',90.30,55.99,26.00,13.00,8,'UN','2026-02-16','Ativo'),
(129,'P129','Detergente 129',97.40,60.39,43.00,18.00,9,'UN','2026-02-17','Ativo'),
(130,'P130','Sabao em po 130',13.50,8.37,60.00,23.00,10,'UN','2026-02-18','Ativo'),
(131,'P131','Shampoo 131',20.60,12.77,77.00,28.00,1,'UN','2026-02-19','Ativo'),
(132,'P132','Sabonete 132',27.70,17.17,94.00,33.00,2,'UN','2026-02-20','Ativo'),
(133,'P133','Caderno 133',34.80,21.58,111.00,8.00,3,'UN','2026-02-21','Ativo'),
(134,'P134','Caneta 134',41.90,25.98,128.00,13.00,4,'UN','2026-02-22','Ativo'),
(135,'P135','Lapis 135',49.00,30.38,145.00,18.00,5,'UN','2026-02-23','Ativo'),
(136,'P136','Mouse 136',56.10,34.78,162.00,23.00,6,'UN','2026-02-24','Ativo'),
(137,'P137','Teclado 137',63.20,39.18,179.00,28.00,7,'UN','2026-02-25','Ativo'),
(138,'P138','Cabo USB 138',70.30,43.59,196.00,33.00,8,'UN','2026-02-26','Inativo'),
(139,'P139','Martelo 139',77.40,47.99,213.00,8.00,9,'UN','2026-02-27','Ativo'),
(140,'P140','Alicate 140',83.50,51.77,230.00,13.00,10,'UN','2026-02-28','Ativo'),
(141,'P141','Racao cao 141',90.60,56.17,247.00,18.00,1,'UN','2026-02-01','Ativo'),
(142,'P142','Racao gato 142',97.70,60.57,24.00,23.00,2,'UN','2026-02-02','Ativo'),
(143,'P143','Queijo 143',14.80,9.18,41.00,28.00,3,'UN','2026-02-03','Ativo'),
(144,'P144','Presunto 144',21.90,13.58,58.00,33.00,4,'UN','2026-02-04','Ativo'),
(145,'P145','Manteiga 145',29.00,17.98,75.00,8.00,5,'UN','2026-02-05','Ativo'),
(146,'P146','Pilha 146',36.10,22.38,92.00,13.00,6,'UN','2026-02-06','Ativo'),
(147,'P147','Vela 147',43.20,26.78,109.00,18.00,7,'UN','2026-02-07','Ativo'),
(148,'P148','Guardanapo 148',50.30,31.19,126.00,23.00,8,'UN','2026-02-08','Ativo'),
(149,'P149','Sacola 149',57.40,35.59,143.00,28.00,9,'UN','2026-02-09','Ativo'),
(150,'P150','Caixa 150',63.50,39.37,160.00,33.00,10,'UN','2026-02-10','Ativo');

insert into rota(rota_id,nome,origem,destino,distancia_km,tempo_estimado,transportadora_id,status) values
(1,'Rota Leste','Valadares','Ipatinga',105,'02:10:00',1,'Ativo'),
(2,'Rota Norte','Valadares','Teofilo',225,'04:20:00',1,'Ativo'),
(3,'Rota Capital','Valadares','BH',320,'06:15:00',2,'Ativo');

insert into venda(venda_id,data_venda,cliente_id,funcionario_id,valor_total,desconto,forma_pagamento,status,observacao) values
(1,'2026-03-01',1,1,157.00,3.00,'Pix','Finalizada','Venda 1'),
(2,'2026-03-02',2,2,194.00,6.00,'Cartao','Pendente','Venda 2'),
(3,'2026-03-03',3,3,231.00,9.00,'Dinheiro','Cancelada','Venda 3'),
(4,'2026-03-04',4,4,268.00,12.00,'Boleto','Finalizada','Venda 4'),
(5,'2026-03-05',5,5,305.00,15.00,'Pix','Finalizada','Venda 5'),
(6,'2026-03-06',6,1,342.00,18.00,'Cartao','Pendente','Venda 6'),
(7,'2026-03-07',7,2,379.00,21.00,'Dinheiro','Cancelada','Venda 7'),
(8,'2026-03-08',8,3,416.00,24.00,'Boleto','Finalizada','Venda 8'),
(9,'2026-03-09',9,4,453.00,27.00,'Pix','Finalizada','Venda 9'),
(10,'2026-03-10',10,5,490.00,30.00,'Cartao','Pendente','Venda 10'),
(11,'2026-03-11',11,1,527.00,33.00,'Dinheiro','Cancelada','Venda 11'),
(12,'2026-03-12',12,2,564.00,1.00,'Boleto','Finalizada','Venda 12'),
(13,'2026-03-13',13,3,601.00,4.00,'Pix','Finalizada','Venda 13'),
(14,'2026-03-14',14,4,638.00,7.00,'Cartao','Pendente','Venda 14'),
(15,'2026-03-15',15,5,675.00,10.00,'Dinheiro','Cancelada','Venda 15'),
(16,'2026-03-16',16,1,712.00,13.00,'Boleto','Finalizada','Venda 16'),
(17,'2026-03-17',17,2,749.00,16.00,'Pix','Finalizada','Venda 17'),
(18,'2026-03-18',18,3,786.00,19.00,'Cartao','Pendente','Venda 18'),
(19,'2026-03-19',19,4,823.00,22.00,'Dinheiro','Cancelada','Venda 19'),
(20,'2026-03-20',20,5,860.00,25.00,'Boleto','Finalizada','Venda 20'),
(21,'2026-03-21',21,1,897.00,28.00,'Pix','Finalizada','Venda 21'),
(22,'2026-03-22',22,2,154.00,31.00,'Cartao','Pendente','Venda 22'),
(23,'2026-03-23',23,3,191.00,34.00,'Dinheiro','Cancelada','Venda 23'),
(24,'2026-03-24',24,4,228.00,2.00,'Boleto','Finalizada','Venda 24'),
(25,'2026-03-25',25,5,265.00,5.00,'Pix','Finalizada','Venda 25'),
(26,'2026-03-26',26,1,302.00,8.00,'Cartao','Pendente','Venda 26'),
(27,'2026-03-27',27,2,339.00,11.00,'Dinheiro','Cancelada','Venda 27'),
(28,'2026-03-28',28,3,376.00,14.00,'Boleto','Finalizada','Venda 28'),
(29,'2026-03-01',29,4,413.00,17.00,'Pix','Finalizada','Venda 29'),
(30,'2026-03-02',30,5,450.00,20.00,'Cartao','Pendente','Venda 30'),
(31,'2026-03-03',31,1,487.00,23.00,'Dinheiro','Cancelada','Venda 31'),
(32,'2026-03-04',32,2,524.00,26.00,'Boleto','Finalizada','Venda 32'),
(33,'2026-03-05',33,3,561.00,29.00,'Pix','Finalizada','Venda 33'),
(34,'2026-03-06',34,4,598.00,32.00,'Cartao','Pendente','Venda 34'),
(35,'2026-03-07',35,5,635.00,0.00,'Dinheiro','Cancelada','Venda 35'),
(36,'2026-03-08',36,1,672.00,3.00,'Boleto','Finalizada','Venda 36'),
(37,'2026-03-09',37,2,709.00,6.00,'Pix','Finalizada','Venda 37'),
(38,'2026-03-10',38,3,746.00,9.00,'Cartao','Pendente','Venda 38'),
(39,'2026-03-11',39,4,783.00,12.00,'Dinheiro','Cancelada','Venda 39'),
(40,'2026-03-12',40,5,820.00,15.00,'Boleto','Finalizada','Venda 40'),
(41,'2026-03-13',41,1,857.00,18.00,'Pix','Finalizada','Venda 41'),
(42,'2026-03-14',42,2,894.00,21.00,'Cartao','Pendente','Venda 42'),
(43,'2026-03-15',43,3,151.00,24.00,'Dinheiro','Cancelada','Venda 43'),
(44,'2026-03-16',44,4,188.00,27.00,'Boleto','Finalizada','Venda 44'),
(45,'2026-03-17',45,5,225.00,30.00,'Pix','Finalizada','Venda 45'),
(46,'2026-03-18',46,1,262.00,33.00,'Cartao','Pendente','Venda 46'),
(47,'2026-03-19',47,2,299.00,1.00,'Dinheiro','Cancelada','Venda 47'),
(48,'2026-03-20',48,3,336.00,4.00,'Boleto','Finalizada','Venda 48'),
(49,'2026-03-21',49,4,373.00,7.00,'Pix','Finalizada','Venda 49'),
(50,'2026-03-22',50,5,410.00,10.00,'Cartao','Pendente','Venda 50');

insert into item_venda(item_venda_id,venda_id,produto_id,quantidade,preco_unitario,desconto,valor_total) values
(1,1,1,3,19.00,2.00,55.00),
(2,1,2,5,30.00,5.00,145.00),
(3,1,3,7,41.00,10.00,277.00),
(4,2,4,1,52.00,0.00,52.00),
(5,2,5,3,63.00,2.00,187.00),
(6,2,6,5,74.00,5.00,365.00),
(7,3,7,7,85.00,10.00,585.00),
(8,3,8,1,96.00,0.00,96.00),
(9,3,9,3,107.00,2.00,319.00),
(10,4,10,5,118.00,5.00,585.00),
(11,4,11,7,129.00,10.00,893.00),
(12,4,12,1,140.00,0.00,140.00),
(13,5,13,3,11.00,2.00,31.00),
(14,5,14,5,22.00,5.00,105.00),
(15,5,15,7,33.00,10.00,221.00),
(16,6,16,1,44.00,0.00,44.00),
(17,6,17,3,55.00,2.00,163.00),
(18,6,18,5,66.00,5.00,325.00),
(19,7,19,7,77.00,10.00,529.00),
(20,7,20,1,88.00,0.00,88.00),
(21,7,21,3,99.00,2.00,295.00),
(22,8,22,5,110.00,5.00,545.00),
(23,8,23,7,121.00,10.00,837.00),
(24,8,24,1,132.00,0.00,132.00),
(25,9,25,3,143.00,2.00,427.00),
(26,9,26,5,14.00,5.00,65.00),
(27,9,27,7,25.00,10.00,165.00),
(28,10,28,1,36.00,0.00,36.00),
(29,10,29,3,47.00,2.00,139.00),
(30,10,30,5,58.00,5.00,285.00),
(31,11,31,7,69.00,10.00,473.00),
(32,11,32,1,80.00,0.00,80.00),
(33,11,33,3,91.00,2.00,271.00),
(34,12,34,5,102.00,5.00,505.00),
(35,12,35,7,113.00,10.00,781.00),
(36,12,36,1,124.00,0.00,124.00),
(37,13,37,3,135.00,2.00,403.00),
(38,13,38,5,146.00,5.00,725.00),
(39,13,39,7,17.00,10.00,109.00),
(40,14,40,1,28.00,0.00,28.00),
(41,14,41,3,39.00,2.00,115.00),
(42,14,42,5,50.00,5.00,245.00),
(43,15,43,7,61.00,10.00,417.00),
(44,15,44,1,72.00,0.00,72.00),
(45,15,45,3,83.00,2.00,247.00),
(46,16,46,5,94.00,5.00,465.00),
(47,16,47,7,105.00,10.00,725.00),
(48,16,48,1,116.00,0.00,116.00),
(49,17,49,3,127.00,2.00,379.00),
(50,17,50,5,138.00,5.00,685.00),
(51,17,51,7,9.00,10.00,53.00),
(52,18,52,1,20.00,0.00,20.00),
(53,18,53,3,31.00,2.00,91.00),
(54,18,54,5,42.00,5.00,205.00),
(55,19,55,7,53.00,10.00,361.00),
(56,19,56,1,64.00,0.00,64.00),
(57,19,57,3,75.00,2.00,223.00),
(58,20,58,5,86.00,5.00,425.00),
(59,20,59,7,97.00,10.00,669.00),
(60,20,60,1,108.00,0.00,108.00),
(61,21,61,3,119.00,2.00,355.00),
(62,21,62,5,130.00,5.00,645.00),
(63,21,63,7,141.00,10.00,977.00),
(64,22,64,1,12.00,0.00,12.00),
(65,22,65,3,23.00,2.00,67.00),
(66,22,66,5,34.00,5.00,165.00),
(67,23,67,7,45.00,10.00,305.00),
(68,23,68,1,56.00,0.00,56.00),
(69,23,69,3,67.00,2.00,199.00),
(70,24,70,5,78.00,5.00,385.00),
(71,24,71,7,89.00,10.00,613.00),
(72,24,72,1,100.00,0.00,100.00),
(73,25,73,3,111.00,2.00,331.00),
(74,25,74,5,122.00,5.00,605.00),
(75,25,75,7,133.00,10.00,921.00),
(76,26,76,1,144.00,0.00,144.00),
(77,26,77,3,15.00,2.00,43.00),
(78,26,78,5,26.00,5.00,125.00),
(79,27,79,7,37.00,10.00,249.00),
(80,27,80,1,48.00,0.00,48.00),
(81,27,81,3,59.00,2.00,175.00),
(82,28,82,5,70.00,5.00,345.00),
(83,28,83,7,81.00,10.00,557.00),
(84,28,84,1,92.00,0.00,92.00),
(85,29,85,3,103.00,2.00,307.00),
(86,29,86,5,114.00,5.00,565.00),
(87,29,87,7,125.00,10.00,865.00),
(88,30,88,1,136.00,0.00,136.00),
(89,30,89,3,147.00,2.00,439.00),
(90,30,90,5,18.00,5.00,85.00),
(91,31,91,7,29.00,10.00,193.00),
(92,31,92,1,40.00,0.00,40.00),
(93,31,93,3,51.00,2.00,151.00),
(94,32,94,5,62.00,5.00,305.00),
(95,32,95,7,73.00,10.00,501.00),
(96,32,96,1,84.00,0.00,84.00),
(97,33,97,3,95.00,2.00,283.00),
(98,33,98,5,106.00,5.00,525.00),
(99,33,99,7,117.00,10.00,809.00),
(100,34,100,1,128.00,0.00,128.00),
(101,34,101,3,139.00,2.00,415.00),
(102,34,102,5,10.00,5.00,45.00),
(103,35,103,7,21.00,10.00,137.00),
(104,35,104,1,32.00,0.00,32.00),
(105,35,105,3,43.00,2.00,127.00),
(106,36,106,5,54.00,5.00,265.00),
(107,36,107,7,65.00,10.00,445.00),
(108,36,108,1,76.00,0.00,76.00),
(109,37,109,3,87.00,2.00,259.00),
(110,37,110,5,98.00,5.00,485.00),
(111,37,111,7,109.00,10.00,753.00),
(112,38,112,1,120.00,0.00,120.00),
(113,38,113,3,131.00,2.00,391.00),
(114,38,114,5,142.00,5.00,705.00),
(115,39,115,7,13.00,10.00,81.00),
(116,39,116,1,24.00,0.00,24.00),
(117,39,117,3,35.00,2.00,103.00),
(118,40,118,5,46.00,5.00,225.00),
(119,40,119,7,57.00,10.00,389.00),
(120,40,120,1,68.00,0.00,68.00),
(121,41,121,3,79.00,2.00,235.00),
(122,41,122,5,90.00,5.00,445.00),
(123,41,123,7,101.00,10.00,697.00),
(124,42,124,1,112.00,0.00,112.00),
(125,42,125,3,123.00,2.00,367.00),
(126,42,126,5,134.00,5.00,665.00),
(127,43,127,7,145.00,10.00,1005.00),
(128,43,128,1,16.00,0.00,16.00),
(129,43,129,3,27.00,2.00,79.00),
(130,44,130,5,38.00,5.00,185.00),
(131,44,131,7,49.00,10.00,333.00),
(132,44,132,1,60.00,0.00,60.00),
(133,45,133,3,71.00,2.00,211.00),
(134,45,134,5,82.00,5.00,405.00),
(135,45,135,7,93.00,10.00,641.00),
(136,46,136,1,104.00,0.00,104.00),
(137,46,137,3,115.00,2.00,343.00),
(138,46,138,5,126.00,5.00,625.00),
(139,47,139,7,137.00,10.00,949.00),
(140,47,140,1,8.00,0.00,8.00),
(141,47,141,3,19.00,2.00,55.00),
(142,48,142,5,30.00,5.00,145.00),
(143,48,143,7,41.00,10.00,277.00),
(144,48,144,1,52.00,0.00,52.00),
(145,49,145,3,63.00,2.00,187.00),
(146,49,146,5,74.00,5.00,365.00),
(147,49,147,7,85.00,10.00,585.00),
(148,50,148,1,96.00,0.00,96.00),
(149,50,149,3,107.00,2.00,319.00),
(150,50,150,5,118.00,5.00,585.00);

insert into compra(compra_id,data_compra,fornecedor_id,funcionario_id,valor_total,status,observacao) values
(1,'2026-04-01',1,1,613.00,'Recebida','Compra 1'),
(2,'2026-04-02',2,2,726.00,'Pendente','Compra 2'),
(3,'2026-04-03',3,3,839.00,'Cancelada','Compra 3'),
(4,'2026-04-04',4,4,952.00,'Recebida','Compra 4'),
(5,'2026-04-05',5,5,1065.00,'Pendente','Compra 5'),
(6,'2026-04-06',6,1,1178.00,'Cancelada','Compra 6'),
(7,'2026-04-07',7,2,1291.00,'Recebida','Compra 7'),
(8,'2026-04-08',8,3,1404.00,'Pendente','Compra 8'),
(9,'2026-04-09',9,4,1517.00,'Cancelada','Compra 9'),
(10,'2026-04-10',10,5,1630.00,'Recebida','Compra 10'),
(11,'2026-04-11',11,1,1743.00,'Pendente','Compra 11'),
(12,'2026-04-12',12,2,1856.00,'Cancelada','Compra 12'),
(13,'2026-04-13',13,3,1969.00,'Recebida','Compra 13'),
(14,'2026-04-14',14,4,2082.00,'Pendente','Compra 14'),
(15,'2026-04-15',15,5,2195.00,'Cancelada','Compra 15'),
(16,'2026-04-16',16,1,2308.00,'Recebida','Compra 16'),
(17,'2026-04-17',17,2,2421.00,'Pendente','Compra 17'),
(18,'2026-04-18',18,3,2534.00,'Cancelada','Compra 18'),
(19,'2026-04-19',19,4,2647.00,'Recebida','Compra 19'),
(20,'2026-04-20',20,5,2760.00,'Pendente','Compra 20'),
(21,'2026-04-21',21,1,2873.00,'Cancelada','Compra 21'),
(22,'2026-04-22',22,2,2986.00,'Recebida','Compra 22'),
(23,'2026-04-23',23,3,3099.00,'Pendente','Compra 23'),
(24,'2026-04-24',24,4,3212.00,'Cancelada','Compra 24'),
(25,'2026-04-25',25,5,3325.00,'Recebida','Compra 25'),
(26,'2026-04-26',26,1,3438.00,'Pendente','Compra 26'),
(27,'2026-04-27',27,2,3551.00,'Cancelada','Compra 27'),
(28,'2026-04-28',28,3,564.00,'Recebida','Compra 28'),
(29,'2026-04-01',29,4,677.00,'Pendente','Compra 29'),
(30,'2026-04-02',30,5,790.00,'Cancelada','Compra 30');

insert into item_compra(item_compra_id,compra_id,produto_id,quantidade,preco_unitario,valor_total) values
(1,1,1,12,13.00,156.00),
(2,1,2,19,22.00,418.00),
(3,1,3,26,31.00,806.00),
(4,1,4,33,40.00,1320.00),
(5,2,5,40,49.00,1960.00),
(6,2,6,47,58.00,2726.00),
(7,2,7,54,67.00,3618.00),
(8,2,8,61,76.00,4636.00),
(9,3,9,68,85.00,5780.00),
(10,3,10,75,94.00,7050.00),
(11,3,11,7,13.00,91.00),
(12,3,12,14,22.00,308.00),
(13,4,13,21,31.00,651.00),
(14,4,14,28,40.00,1120.00),
(15,4,15,35,49.00,1715.00),
(16,4,16,42,58.00,2436.00),
(17,5,17,49,67.00,3283.00),
(18,5,18,56,76.00,4256.00),
(19,5,19,63,85.00,5355.00),
(20,5,20,70,94.00,6580.00),
(21,6,21,77,13.00,1001.00),
(22,6,22,9,22.00,198.00),
(23,6,23,16,31.00,496.00),
(24,6,24,23,40.00,920.00),
(25,7,25,30,49.00,1470.00),
(26,7,26,37,58.00,2146.00),
(27,7,27,44,67.00,2948.00),
(28,7,28,51,76.00,3876.00),
(29,8,29,58,85.00,4930.00),
(30,8,30,65,94.00,6110.00),
(31,8,31,72,13.00,936.00),
(32,8,32,79,22.00,1738.00),
(33,9,33,11,31.00,341.00),
(34,9,34,18,40.00,720.00),
(35,9,35,25,49.00,1225.00),
(36,9,36,32,58.00,1856.00),
(37,10,37,39,67.00,2613.00),
(38,10,38,46,76.00,3496.00),
(39,10,39,53,85.00,4505.00),
(40,10,40,60,94.00,5640.00),
(41,11,41,67,13.00,871.00),
(42,11,42,74,22.00,1628.00),
(43,11,43,6,31.00,186.00),
(44,11,44,13,40.00,520.00),
(45,12,45,20,49.00,980.00),
(46,12,46,27,58.00,1566.00),
(47,12,47,34,67.00,2278.00),
(48,12,48,41,76.00,3116.00),
(49,13,49,48,85.00,4080.00),
(50,13,50,55,94.00,5170.00),
(51,13,51,62,13.00,806.00),
(52,13,52,69,22.00,1518.00),
(53,14,53,76,31.00,2356.00),
(54,14,54,8,40.00,320.00),
(55,14,55,15,49.00,735.00),
(56,14,56,22,58.00,1276.00),
(57,15,57,29,67.00,1943.00),
(58,15,58,36,76.00,2736.00),
(59,15,59,43,85.00,3655.00),
(60,15,60,50,94.00,4700.00),
(61,16,61,57,13.00,741.00),
(62,16,62,64,22.00,1408.00),
(63,16,63,71,31.00,2201.00),
(64,16,64,78,40.00,3120.00),
(65,17,65,10,49.00,490.00),
(66,17,66,17,58.00,986.00),
(67,17,67,24,67.00,1608.00),
(68,17,68,31,76.00,2356.00),
(69,18,69,38,85.00,3230.00),
(70,18,70,45,94.00,4230.00),
(71,18,71,52,13.00,676.00),
(72,18,72,59,22.00,1298.00),
(73,19,73,66,31.00,2046.00),
(74,19,74,73,40.00,2920.00),
(75,19,75,5,49.00,245.00),
(76,19,76,12,58.00,696.00),
(77,20,77,19,67.00,1273.00),
(78,20,78,26,76.00,1976.00),
(79,20,79,33,85.00,2805.00),
(80,20,80,40,94.00,3760.00),
(81,21,81,47,13.00,611.00),
(82,21,82,54,22.00,1188.00),
(83,21,83,61,31.00,1891.00),
(84,21,84,68,40.00,2720.00),
(85,22,85,75,49.00,3675.00),
(86,22,86,7,58.00,406.00),
(87,22,87,14,67.00,938.00),
(88,22,88,21,76.00,1596.00),
(89,23,89,28,85.00,2380.00),
(90,23,90,35,94.00,3290.00),
(91,23,91,42,13.00,546.00),
(92,23,92,49,22.00,1078.00),
(93,24,93,56,31.00,1736.00),
(94,24,94,63,40.00,2520.00),
(95,24,95,70,49.00,3430.00),
(96,24,96,77,58.00,4466.00),
(97,25,97,9,67.00,603.00),
(98,25,98,16,76.00,1216.00),
(99,25,99,23,85.00,1955.00),
(100,25,100,30,94.00,2820.00),
(101,26,101,37,13.00,481.00),
(102,26,102,44,22.00,968.00),
(103,26,103,51,31.00,1581.00),
(104,26,104,58,40.00,2320.00),
(105,27,105,65,49.00,3185.00),
(106,27,106,72,58.00,4176.00),
(107,27,107,79,67.00,5293.00),
(108,27,108,11,76.00,836.00),
(109,28,109,18,85.00,1530.00),
(110,28,110,25,94.00,2350.00),
(111,28,111,32,13.00,416.00),
(112,28,112,39,22.00,858.00),
(113,29,113,46,31.00,1426.00),
(114,29,114,53,40.00,2120.00),
(115,29,115,60,49.00,2940.00),
(116,29,116,67,58.00,3886.00),
(117,30,117,74,67.00,4958.00),
(118,30,118,6,76.00,456.00),
(119,30,119,13,85.00,1105.00),
(120,30,120,20,94.00,1880.00);

insert into producao(producao_id,data_inicio,data_fim,funcionario_id,status,observacao) values
(1,'2026-05-01','2026-06-01',1,'Concluida','Producao 1'),
(2,'2026-05-02','2026-06-02',2,'Em andamento','Producao 2'),
(3,'2026-05-03','2026-06-03',3,'Planejada','Producao 3'),
(4,'2026-05-04','2026-06-04',4,'Concluida','Producao 4'),
(5,'2026-05-05','2026-06-05',5,'Em andamento','Producao 5'),
(6,'2026-05-06','2026-06-06',1,'Planejada','Producao 6'),
(7,'2026-05-07','2026-06-07',2,'Concluida','Producao 7'),
(8,'2026-05-08','2026-06-08',3,'Em andamento','Producao 8'),
(9,'2026-05-09','2026-06-09',4,'Planejada','Producao 9'),
(10,'2026-05-10','2026-06-10',5,'Concluida','Producao 10'),
(11,'2026-05-11','2026-06-11',1,'Em andamento','Producao 11'),
(12,'2026-05-12','2026-06-12',2,'Planejada','Producao 12'),
(13,'2026-05-13','2026-06-13',3,'Concluida','Producao 13'),
(14,'2026-05-14','2026-06-14',4,'Em andamento','Producao 14'),
(15,'2026-05-15','2026-06-15',5,'Planejada','Producao 15'),
(16,'2026-05-16','2026-06-16',1,'Concluida','Producao 16'),
(17,'2026-05-17','2026-06-17',2,'Em andamento','Producao 17'),
(18,'2026-05-18','2026-06-18',3,'Planejada','Producao 18'),
(19,'2026-05-19','2026-06-19',4,'Concluida','Producao 19'),
(20,'2026-05-20','2026-06-20',5,'Em andamento','Producao 20');

insert into item_producao(item_producao,producao_id,produto_id,quantidade_planejada,quantidade_produzida,custo_unitario,valor_total) values
(1,1,101,26,25,9,225.00),
(2,2,102,32,30,13,390.00),
(3,3,103,38,35,17,595.00),
(4,4,104,44,40,21,840.00),
(5,5,105,50,50,25,1250.00),
(6,6,106,56,55,29,1595.00),
(7,7,107,62,60,33,1980.00),
(8,8,108,68,65,37,2405.00),
(9,9,109,74,70,6,420.00),
(10,10,110,80,80,10,800.00),
(11,11,111,86,85,14,1190.00),
(12,12,112,92,90,18,1620.00),
(13,13,113,98,95,22,2090.00),
(14,14,114,24,20,26,520.00),
(15,15,115,30,30,30,900.00);

insert into pedido(pedido_id,data_pedido,cliente_id,funcionario_id,data_entrega_prevista,rota_id,valor_total,status,observacao) values
(1,'2026-07-01',1,1,'2026-08-01',1,239.00,'Aberto','Pedido 1'),
(2,'2026-07-02',2,2,'2026-08-02',2,298.00,'Separado','Pedido 2'),
(3,'2026-07-03',3,3,'2026-08-03',3,357.00,'Entregue','Pedido 3'),
(4,'2026-07-04',4,4,'2026-08-04',1,416.00,'Cancelado','Pedido 4'),
(5,'2026-07-05',5,5,'2026-08-05',2,475.00,'Aberto','Pedido 5'),
(6,'2026-07-06',6,1,'2026-08-06',3,534.00,'Separado','Pedido 6'),
(7,'2026-07-07',7,2,'2026-08-07',1,593.00,'Entregue','Pedido 7'),
(8,'2026-07-08',8,3,'2026-08-08',2,652.00,'Cancelado','Pedido 8'),
(9,'2026-07-09',9,4,'2026-08-09',3,711.00,'Aberto','Pedido 9'),
(10,'2026-07-10',10,5,'2026-08-10',1,770.00,'Separado','Pedido 10'),
(11,'2026-07-11',11,1,'2026-08-11',2,829.00,'Entregue','Pedido 11'),
(12,'2026-07-12',12,2,'2026-08-12',3,888.00,'Cancelado','Pedido 12'),
(13,'2026-07-13',13,3,'2026-08-13',1,947.00,'Aberto','Pedido 13'),
(14,'2026-07-14',14,4,'2026-08-14',2,1006.00,'Separado','Pedido 14'),
(15,'2026-07-15',15,5,'2026-08-15',3,215.00,'Entregue','Pedido 15'),
(16,'2026-07-16',16,1,'2026-08-16',1,274.00,'Cancelado','Pedido 16'),
(17,'2026-07-17',17,2,'2026-08-17',2,333.00,'Aberto','Pedido 17'),
(18,'2026-07-18',18,3,'2026-08-18',3,392.00,'Separado','Pedido 18'),
(19,'2026-07-19',19,4,'2026-08-19',1,451.00,'Entregue','Pedido 19'),
(20,'2026-07-20',20,5,'2026-08-20',2,510.00,'Cancelado','Pedido 20'),
(21,'2026-07-21',21,1,'2026-08-21',3,569.00,'Aberto','Pedido 21'),
(22,'2026-07-22',22,2,'2026-08-22',1,628.00,'Separado','Pedido 22'),
(23,'2026-07-23',23,3,'2026-08-23',2,687.00,'Entregue','Pedido 23'),
(24,'2026-07-24',24,4,'2026-08-24',3,746.00,'Cancelado','Pedido 24'),
(25,'2026-07-25',25,5,'2026-08-25',1,805.00,'Aberto','Pedido 25');

insert into item_pedido(item_pedido_id,pedido_id,produto_id,quantidade,preco_unitario,desconto,valor_total) values
(1,1,4,6,20.00,3.00,117.00),
(2,2,7,11,33.00,5.00,358.00),
(3,3,10,4,46.00,8.00,176.00),
(4,4,13,9,59.00,10.00,521.00),
(5,5,16,2,72.00,0.00,144.00),
(6,6,19,7,85.00,3.00,592.00),
(7,7,22,12,98.00,5.00,1171.00),
(8,8,25,5,111.00,8.00,547.00),
(9,9,28,10,124.00,10.00,1230.00),
(10,10,31,3,137.00,0.00,411.00),
(11,11,34,8,150.00,3.00,1197.00),
(12,12,37,1,163.00,5.00,158.00),
(13,13,40,6,16.00,8.00,88.00),
(14,14,43,11,29.00,10.00,309.00),
(15,15,46,4,42.00,0.00,168.00),
(16,16,49,9,55.00,3.00,492.00),
(17,17,52,2,68.00,5.00,131.00),
(18,18,55,7,81.00,8.00,559.00),
(19,19,58,12,94.00,10.00,1118.00),
(20,20,61,5,107.00,0.00,535.00),
(21,21,64,10,120.00,3.00,1197.00),
(22,22,67,3,133.00,5.00,394.00),
(23,23,70,8,146.00,8.00,1160.00),
(24,24,73,1,159.00,10.00,149.00),
(25,25,76,6,12.00,0.00,72.00),
(26,1,79,11,25.00,3.00,272.00),
(27,2,82,4,38.00,5.00,147.00),
(28,3,85,9,51.00,8.00,451.00),
(29,4,88,2,64.00,10.00,118.00),
(30,5,91,7,77.00,0.00,539.00),
(31,6,94,12,90.00,3.00,1077.00),
(32,7,97,5,103.00,5.00,510.00),
(33,8,100,10,116.00,8.00,1152.00),
(34,9,103,3,129.00,10.00,377.00),
(35,10,106,8,142.00,0.00,1136.00),
(36,11,109,1,155.00,3.00,152.00),
(37,12,112,6,8.00,5.00,43.00),
(38,13,115,11,21.00,8.00,223.00),
(39,14,118,4,34.00,10.00,126.00),
(40,15,121,9,47.00,0.00,423.00),
(41,16,124,2,60.00,3.00,117.00),
(42,17,127,7,73.00,5.00,506.00),
(43,18,130,12,86.00,8.00,1024.00),
(44,19,133,5,99.00,10.00,485.00),
(45,20,136,10,112.00,0.00,1120.00),
(46,21,139,3,125.00,3.00,372.00),
(47,22,142,8,138.00,5.00,1099.00),
(48,23,145,1,151.00,8.00,143.00),
(49,24,148,6,164.00,10.00,974.00),
(50,25,1,11,17.00,0.00,187.00),
(51,1,4,4,30.00,3.00,117.00),
(52,2,7,9,43.00,5.00,382.00),
(53,3,10,2,56.00,8.00,104.00),
(54,4,13,7,69.00,10.00,473.00),
(55,5,16,12,82.00,0.00,984.00),
(56,6,19,5,95.00,3.00,472.00),
(57,7,22,10,108.00,5.00,1075.00),
(58,8,25,3,121.00,8.00,355.00),
(59,9,28,8,134.00,10.00,1062.00),
(60,10,31,1,147.00,0.00,147.00),
(61,11,34,6,160.00,3.00,957.00),
(62,12,37,11,13.00,5.00,138.00),
(63,13,40,4,26.00,8.00,96.00),
(64,14,43,9,39.00,10.00,341.00),
(65,15,46,2,52.00,0.00,104.00),
(66,16,49,7,65.00,3.00,452.00),
(67,17,52,12,78.00,5.00,931.00),
(68,18,55,5,91.00,8.00,447.00),
(69,19,58,10,104.00,10.00,1030.00),
(70,20,61,3,117.00,0.00,351.00),
(71,21,64,8,130.00,3.00,1037.00),
(72,22,67,1,143.00,5.00,138.00),
(73,23,70,6,156.00,8.00,928.00),
(74,24,73,11,9.00,10.00,89.00),
(75,25,76,4,22.00,0.00,88.00),
(76,1,79,9,35.00,3.00,312.00),
(77,2,82,2,48.00,5.00,91.00),
(78,3,85,7,61.00,8.00,419.00),
(79,4,88,12,74.00,10.00,878.00),
(80,5,91,5,87.00,0.00,435.00),
(81,6,94,10,100.00,3.00,997.00),
(82,7,97,3,113.00,5.00,334.00),
(83,8,100,8,126.00,8.00,1000.00),
(84,9,103,1,139.00,10.00,129.00),
(85,10,106,6,152.00,0.00,912.00),
(86,11,109,11,165.00,3.00,1812.00),
(87,12,112,4,18.00,5.00,67.00),
(88,13,115,9,31.00,8.00,271.00),
(89,14,118,2,44.00,10.00,78.00),
(90,15,121,7,57.00,0.00,399.00),
(91,16,124,12,70.00,3.00,837.00),
(92,17,127,5,83.00,5.00,410.00),
(93,18,130,10,96.00,8.00,952.00),
(94,19,133,3,109.00,10.00,317.00),
(95,20,136,8,122.00,0.00,976.00),
(96,21,139,1,135.00,3.00,132.00),
(97,22,142,6,148.00,5.00,883.00),
(98,23,145,11,161.00,8.00,1763.00),
(99,24,148,4,14.00,10.00,46.00),
(100,25,1,9,27.00,0.00,243.00),
(101,1,4,2,40.00,3.00,77.00),
(102,2,7,7,53.00,5.00,366.00),
(103,3,10,12,66.00,8.00,784.00),
(104,4,13,5,79.00,10.00,385.00),
(105,5,16,10,92.00,0.00,920.00),
(106,6,19,3,105.00,3.00,312.00),
(107,7,22,8,118.00,5.00,939.00),
(108,8,25,1,131.00,8.00,123.00),
(109,9,28,6,144.00,10.00,854.00),
(110,10,31,11,157.00,0.00,1727.00),
(111,11,34,4,10.00,3.00,37.00),
(112,12,37,9,23.00,5.00,202.00),
(113,13,40,2,36.00,8.00,64.00),
(114,14,43,7,49.00,10.00,333.00),
(115,15,46,12,62.00,0.00,744.00),
(116,16,49,5,75.00,3.00,372.00),
(117,17,52,10,88.00,5.00,875.00),
(118,18,55,3,101.00,8.00,295.00),
(119,19,58,8,114.00,10.00,902.00),
(120,20,61,1,127.00,0.00,127.00);